,precision,recall,f1-score,support
0-50,0.0,0.0,0.0,1025.0
50-100,0.2721423164269493,1.0,0.42784885450758703,2157.0
100-150,0.0,0.0,0.0,1622.0
150-200,0.0,0.0,0.0,1031.0
200-250,0.0,0.0,0.0,589.0
250-300,0.0,0.0,0.0,416.0
300-350,0.0,0.0,0.0,240.0
350+,0.0,0.0,0.0,846.0
accuracy,0.2721423164269493,0.2721423164269493,0.2721423164269493,0.2721423164269493
macro avg,0.03401778955336866,0.125,0.05348110681344838,7926.0
weighted avg,0.0740614403902258,0.2721423164269493,0.11643577834631154,7926.0
