,precision,recall,f1-score,support
0-50,0.0,0.0,0.0,989.0
50-100,0.2741609891496341,1.0,0.43033963758787996,2173.0
100-150,0.0,0.0,0.0,1572.0
150-200,0.0,0.0,0.0,1076.0
200-250,0.0,0.0,0.0,597.0
250-300,0.0,0.0,0.0,411.0
300-350,0.0,0.0,0.0,219.0
350+,0.0,0.0,0.0,889.0
accuracy,0.2741609891496341,0.2741609891496341,0.2741609891496341,0.2741609891496341
macro avg,0.03427012364370426,0.125,0.053792454698484996,7926.0
weighted avg,0.07516424797150578,0.2741609891496341,0.11798234071138824,7926.0
